coupling,potential,interaction_class,sector,matter_source,matter_filename,matter_unit,antimatter_source,antimatter_unit,mean_abs_A,chi2_uniform,dof,p_value_uniform,chi2_weighted,p_value_weighted,mean_sigma_m_pct,mean_sigma_a_pct,chi2_ratio,lambda_min,lambda_max
gsgs,UNKNOWN,lepton-lepton,ee,Delaunay2017,Delaunay_2017,m,Adkins2022,m,0.872739175879262,93298.8309094958,300,0.0,10771.608841032114,0.0,9.1,25.5,0.115,8.169088639710334e-13,1.8791754863538674e-09
gAgA,V1,lepton-nucleon,ep,Karshenboim2011,2Karshenboim_2011_1_millionev_abs_ep,m (pre-converted),Fadeev2022,m,0.9998175162207074,119956.22986908187,300,0.0,101908.55318533501,0.0,15.3,6.9,0.85,2.4393000000000015e-11,1.9287000000000012e-08
gAgA,V2,lepton-lepton,ee,Kotler2015,2Kotler_2015_m_abs_ee,m,Fadeev2022,m,0.9999579658509333,119989.91216737768,300,0.0,33391.165984124964,0.0,16.6,5.0,0.278,1.753700000000001e-07,1.6286999999999995e-05
gAgA,V2,lepton-lepton,ee,Ficek2017,2Ficek_2017_V2_m_abs_ee,m,Fadeev2022,m,0.9989909025103056,119758.87241494589,300,0.0,65969.3662022252,0.0,10.5,12.0,0.551,1.9699999999999978e-11,1.3100000000000005e-05
gAgA,V2,lepton-lepton,ee,Ficek2017,3Ficek_2017_2_m_abs_ee,m,Fadeev2022,m,0.9539007381638025,109194.85227850187,300,0.0,75934.34698586809,0.0,15.3,13.6,0.695,2.504900000000005e-12,1.6286999999999995e-05
gAgA,V2,lepton-lepton,ee,Rong2018,2Rong_2018_m_abs_ee,m,Fadeev2022,m,0.9999705792777881,119992.93914273407,300,0.0,12125.673404731628,0.0,22.1,5.1,0.101,4.0631000000000035e-06,1.6286999999999995e-05
gAgA,V2,lepton-lepton,ee,Jiao2019,2Jiao_2019_m_abs_ee,m,Fadeev2022,m,0.9999577604197526,119989.86298727711,300,0.0,31328.07292093312,0.0,15.4,5.0,0.261,3.241800000000006e-09,3.825100000000003e-07
